Date,AUD,EUR,NZD,GBP,BRL,CAD,CNY,DKK,HKD,INR,JPY,MYR,MXN,NOK,ZAR,SGD,KRW,LKR,SEK,CHF,TWD,THB,VEB,gdpGBP,gdpUSD,GBR_Value,USA_Value,liborUSD,liborGBP
2000-02-01,0.6315,0.9731,0.4904,1.615,1.795,1.4468,8.2774,7.6445,7.7807,43.62,107.67,3.8,9.597,8.277,6.28,1.699,1127.0,73.55,8.768,1.654,31.75,37.51,0.6563,100.905,101.5818,,,5.84138,5.97114
2000-03-01,0.6067,0.97,0.4853,1.5849,1.769,1.447,8.2786,7.673,7.7824,43.63,107.1,3.8,9.363,8.3115,6.3525,1.7182,1128.5,73.75,8.6865,1.6568,30.75,38.11,0.663,100.9352,101.6581,,,5.96000,5.88913
2000-05-01,0.58,0.912,0.4835,1.5558,1.807,1.4783,8.2799,8.1695,7.789,43.67,108.89,3.8,9.335,8.905,6.785,1.709,1110.0,74.4,8.9183,1.7135,30.65,38.12,0.6758,100.9194,101.7747,,,6.43857,5.99906
2000-06-01,0.5721,0.9307,0.4561,1.4915,1.821,1.491,8.2771,8.0225,7.792,44.65,108.74,3.8,9.49,8.94,6.9875,1.732,1133.0,75.3,8.968,1.6878,30.9,39.19,0.6818,100.8875,101.7674,,,6.66582,5.99415
2000-08-01,0.5805,0.9228,0.4546,1.4992,1.786,1.4892,8.2788,8.084,7.7993,45.15,109.47,3.8,9.345,8.885,6.975,1.732,1115.8,78.45,9.217,1.6758,31.15,41.09,0.688,100.8101,101.621,,,6.57688,5.94362
2000-09-01,0.5765,0.8993,0.4283,1.4605,1.824,1.4742,8.2787,8.293,7.7995,45.8,105.78,3.8,9.2075,9.0108,6.945,1.721,1105.7,78.2,9.338,1.723,31.1,40.9,0.6895,100.7754,101.5052,,,6.59994,6.05426
2000-11-01,0.5227,0.8584,0.3955,1.4452,1.909,1.5263,8.2773,8.67,7.797,46.82,108.48,3.8,9.581,9.202,7.4987,1.7447,1138.3,79.1,9.892,1.7765,32.36,43.82,0.694,100.7284,101.2065,,,6.59205,5.98302
2000-12-01,0.5372,0.8765,0.415,1.4373,1.981,1.5389,8.2775,8.51,7.8001,46.89,111.15,3.8,9.42,9.2475,7.655,1.749,1211.0,81.1,9.9,1.7285,33.05,43.77,0.6977,100.7148,101.024,,,6.62118,5.88561
2001-02-01,0.554,0.9384,0.4477,1.4775,1.9825,1.4948,8.2772,7.952,7.799,46.41,115.33,3.8,9.733,8.755,7.73,1.737,1257.0,90.4,9.489,1.633,32.39,42.3,0.7013,100.6785,100.645,,,5.59434,5.88024
2001-03-01,0.5262,0.9291,0.433,1.4553,2.043,1.5465,8.2778,8.035,7.8,46.59,117.33,3.8,9.706,8.865,7.7375,1.7468,1253.1,87.0,9.7325,1.6557,32.38,43.29,0.7056,100.6425,100.4695,,,5.43224,5.46604
2001-05-01,0.5177,0.8937,0.4198,1.434,2.203,1.5338,8.2774,8.357,7.7993,46.87,121.92,3.8,9.2725,9.054,8.0225,1.8135,1319.0,90.7,10.208,1.7255,32.95,45.65,0.7125,100.5329,100.1171,,,4.30645,5.55623
2001-06-01,0.5084,0.8452,0.4102,1.416,2.385,1.5324,8.2777,8.82,7.8,47.05,119.13,3.8,9.18,9.4538,8.035,1.814,1286.0,91.35,10.851,1.7992,34.1,45.4,0.7148,100.4643,99.92085,,,4.03467,4.82991
2001-08-01,0.5167,0.8793,0.415,1.433,2.502,1.5358,8.2769,8.474,7.7998,47.16,124.87,3.8,9.217,9.098,8.245,1.8055,1297.0,90.0,10.572,1.7158,34.77,45.75,0.7275,100.3015,99.52971,,,3.73436,4.81822
2001-10-01,0.4923,0.9159,0.4068,1.4785,2.687,1.5794,8.2768,8.1151,7.7992,48.03,120.27,3.8,9.515,8.8244,9.0661,1.7694,1308.0,90.175,10.6207,1.6196,34.6,44.59,0.7435,100.102,99.25041,-1.864082,-3.311788,2.59740,4.67330
2001-11-01,0.5086,0.9044,0.4142,1.462,2.685,1.5913,8.2769,8.235,7.8003,48.05,121.87,3.8,9.286,8.82,9.53,1.8289,1296.0,92.1,10.58,1.6295,34.55,44.76,0.744,99.99328,99.17184,-2.0202381788617885,-3.472959463414634,2.18159,3.62287
2002-02-01,0.508,0.8613,0.4173,1.4158,2.414,1.5908,8.2766,8.6275,7.7998,48.55,133.77,3.8,9.1575,9.105,11.68,1.835,1317.6,93.6,10.68,1.7179,35.0,44.06,0.7678,99.68469,99.11458,-2.453216674796748,-3.919843975609756,1.83570,4.06822
2002-03-01,0.5177,0.8652,0.4225,1.419,2.351,1.5955,8.2766,8.5875,7.7998,48.76,133.35,3.8,9.095,8.8875,11.2825,1.8314,1323.8,93.9,10.5,1.706,35.1,43.69,1.0013,99.6054,99.1089,-2.588078829268293,-4.059037512195122,1.82804,4.05269
2002-04-01,0.5347,0.8806,0.4427,1.4407,2.325,1.5995,8.278,8.487,7.7996,48.83,133.32,3.8,9.014,8.745,11.36,1.8468,1327.5,95.75,10.237,1.6607,35.0,43.64,0.921,99.54306,99.09058,-2.737137,-4.212883,1.81916,3.71726
2002-05-01,0.5387,0.9062,0.4478,1.4621,2.361,1.5579,8.2773,8.202,7.7991,48.98,127.45,3.8,9.437,8.35,10.5875,1.8072,1294.0,96.2,10.219,1.601,34.72,43.24,0.856,99.49824,99.05288,-2.33131434375,-4.20246565625,1.82232,3.99770
2002-07-01,0.5615,0.9893,0.486,1.5307,2.8575,1.519,8.277,7.508,7.8005,48.86,120.04,3.8,9.925,7.494,10.07,1.7694,1201.3,96.3,9.199,1.4845,33.47,41.63,1.401,99.4576,98.90814,-1.556562,-4.182578,1.81060,3.81658
2002-08-01,0.5387,0.9843,0.4642,1.5578,3.27,1.5867,8.2766,7.547,7.8,48.68,119.1,3.8,9.878,7.643,10.27,1.7567,1182.8,96.3,9.552,1.4703,33.52,42.15,1.356,99.45697,98.80467,-1.64043046875,-4.285897562500001,1.82271,4.13472
2002-10-01,0.5422,0.9859,0.471,1.5708,3.692,1.5863,8.2774,7.5345,7.7995,48.39,122.73,3.8,10.162,7.425,10.42,1.7887,1227.5,96.4,9.219,1.4793,34.91,43.48,1.47,99.48264,98.56985,-1.800543,-4.483144,1.82170,4.07538
2002-11-01,0.5595,0.9971,0.492,1.5638,3.595,1.558,8.2772,7.45,7.7998,48.36,122.16,3.8,10.2,7.385,9.981,1.763,1225.8,96.4,9.13,1.4673,34.75,43.32,1.4265,99.50463,98.46375,-1.8462130325203252,-4.499233512195122,1.41771,3.62686
2003-04-01,0.6045,1.0904,0.5545,1.5767,3.329,1.4729,8.2773,6.8085,7.7995,47.45,118.25,3.8,10.732,7.204,7.88,1.7714,1262.0,96.9,8.483,1.3537,34.8,42.9,1.6,99.71796,98.4526,-2.05588,-4.573099,1.32406,3.66144
2003-05-01,0.6318,1.1238,0.5616,1.6103,2.9125,1.4191,8.2771,6.6022,7.7993,47.35,118.56,3.8,10.25,6.9501,7.273,1.7696,1213.0,97.14,8.118,1.342,34.85,42.82,1.6,99.78132,98.58334,-2.2900442187500003,-4.54773334375,1.31919,3.72108
2003-07-01,0.676,1.158,0.5947,1.6626,2.849,1.3492,8.2775,6.4185,7.7984,46.49,119.45,3.8,10.455,7.141,7.4425,1.7562,1192.0,97.15,7.966,1.3412,34.58,41.95,1.6,99.90472,98.93972,-2.737085,-4.499308,1.08239,3.37473
2003-08-01,0.6538,1.1252,0.5857,1.6045,3.005,1.396,8.2772,6.605,7.7993,46.18,120.0,3.8,10.59,7.2575,7.45,1.7605,1185.0,97.13,8.2235,1.3668,34.44,42.03,1.6,99.95618,99.12505,-2.33734946875,-4.441757375,1.07200,3.54976
2003-10-01,0.683,1.1708,0.5981,1.6667,2.906,1.3481,8.2771,6.345,7.7395,45.7,110.61,3.8,10.969,7.02,6.915,1.728,1151.9,94.57,7.7285,1.3148,33.83,39.74,1.6,100.0181,99.41727,-1.574218,-4.331888,1.06165,3.42395
2003-12-01,0.7265,1.1956,0.6438,1.7209,2.9315,1.3023,8.2772,6.224,7.767,45.77,109.61,3.8,11.4063,6.8285,6.3895,1.7243,1200.0,96.4,7.542,1.3003,34.15,39.93,1.6,100.0099,99.55982,-1.848042193548387,-4.597462516129032,1.04143,3.84941
2004-03-01,0.7725,1.2431,0.6892,1.868,2.8905,1.3395,8.2768,5.9935,7.7842,45.32,108.93,3.8,10.9725,6.986,6.6095,1.7048,1179.0,98.15,7.439,1.2703,33.29,39.28,1.92,99.91739,99.61032,-2.2656240887096772,-5.002463653225806,1.05347,4.00307
2004-04-01,0.7671,1.2358,0.6678,1.8564,2.8925,1.3101,8.2769,6.0255,7.7883,43.4,103.7,3.8,11.182,6.82,6.345,1.672,1141.4,98.0,7.465,1.2627,32.89,39.16,1.92,99.88271,99.63208,-2.423073,-5.155169,1.05981,3.96564
2004-06-01,0.7067,1.221,0.6288,1.8359,3.155,1.3687,8.2767,6.0915,7.797,45.43,110.45,3.8,11.4885,6.7055,6.44,1.7032,1161.0,99.35,7.4514,1.251,33.53,40.7,1.92,99.80984,99.72287,-2.939484,-5.21729225,1.08886,4.44539
2004-07-01,0.7036,1.2158,0.64,1.816,3.083,1.3325,8.2767,6.114,7.8,45.88,108.24,3.8,11.506,6.9715,6.245,1.7155,1153.0,102.4,7.546,1.2509,33.6,40.83,1.92,99.77415,99.79433,-3.209985,-5.249833,1.31631,4.52046
2004-09-01,0.7039,1.2179,0.6568,1.794,2.928,1.3071,8.2766,6.1065,7.8,46.34,109.62,3.8,11.425,6.856,6.62,1.7065,1149.0,103.15,7.4925,1.2615,33.87,41.64,1.92,99.72384,99.97949,-1.88851975,-5.6118903125,1.64388,4.81233
2004-10-01,0.7232,1.24,0.6733,1.7976,2.84,1.2629,8.2766,6.001,7.7971,45.85,110.45,3.8,11.3425,6.692,6.4775,1.6813,1149.0,103.55,7.275,1.2496,33.84,41.36,1.92,99.71715,100.0855,-1.243153,-5.788709,1.81456,4.78194
2004-11-01,0.746,1.2741,0.6838,1.8323,2.863,1.2229,8.2765,5.8336,7.7798,45.33,106.41,3.8,11.529,6.388,6.11,1.6675,1119.0,104.21,7.0997,1.2028,33.44,41.05,1.9152,99.72664,100.1932,-1.154898136,-5.75715268,1.98838,4.80118
2004-12-01,0.7754,1.3308,0.7169,1.9297,2.703,1.1856,8.2765,5.5821,7.7741,44.3,102.78,3.8,11.153,6.1189,5.775,1.6308,1045.0,104.8,6.7168,1.144,32.18,39.31,1.9152,99.75389,100.2957,-1.0666432719999999,-5.72559636,2.21655,4.82690
2005-02-01,0.7723,1.3017,0.7114,1.8792,2.605,1.2405,8.2765,5.7172,7.7999,43.66,103.93,3.8,11.165,6.354,6.0015,1.6417,1027.35,99.32,6.9838,1.1937,31.79,38.63,1.9152,99.85648,100.4532,-0.8768953144,-5.657750272,2.55539,4.85219
2005-03-01,0.7847,1.3189,0.727,1.9206,2.6103,1.2425,8.2765,5.6429,7.7994,43.58,104.37,3.8,11.1005,6.2148,5.85,1.6221,1003.85,99.53,6.8621,1.1654,30.945,38.24,1.9152,99.9276,100.498,-0.7930531936,-5.627771768,2.64656,4.81419
2005-04-01,0.7697,1.2896,0.709,1.8789,2.6572,1.2146,8.2765,5.775,7.7989,43.62,107.57,3.8,11.185,6.3463,6.215,1.6588,1012.0,99.72,7.1093,1.2042,31.34,39.22,2.1446,100.0084,100.5254,-0.6915601,-5.591482,2.82411,4.88435
2005-06-01,0.7498,1.2232,0.6994,1.812,2.442,1.2471,8.2765,6.0804,7.7842,43.71,108.42,3.8,10.845,6.4572,6.915,1.6742,1010.0,99.92,7.4735,1.2529,31.3,40.67,2.1446,100.1903,100.5677,-2.038057065625,-5.68087965625,3.07229,4.84042
2005-07-01,0.7516,1.1957,0.6837,1.7708,2.348,1.2418,8.2765,6.2333,7.7718,43.45,111.68,3.8,10.737,6.6032,6.82,1.6914,1033.0,100.1,7.9218,1.2965,31.64,41.38,2.1446,100.2887,100.5967,-2.743365,-5.727707,3.29657,4.81794
2005-08-01,0.7618,1.2195,0.6846,1.7695,2.377,1.2136,8.1046,6.1159,7.7722,43.37,112.12,3.7498,10.598,6.4322,6.5225,1.6602,1024.5,100.36,7.7058,1.278,31.9,41.55,2.1446,100.3903,100.6355,-2.7802733539823006,-5.685787530973451,3.49997,4.62756
2005-09-01,0.7609,1.2447,0.7023,1.8279,2.3645,1.1855,8.0949,5.9918,7.7693,43.94,110.16,3.7713,10.728,6.289,6.3125,1.6771,1030.75,101.22,7.4869,1.24,32.71,41.05,2.1446,100.4921,100.6872,-2.822717961061947,-5.63758014159292,3.68664,4.61625
2005-11-01,0.7451,1.1998,0.6981,1.763,2.2515,1.1765,8.086,6.2201,7.7514,45.02,116.63,3.7748,10.77,6.4862,6.686,1.6951,1042.4,101.85,7.9958,1.2903,33.58,40.81,2.1446,100.6706,100.8459,-2.8983800867256635,-5.5516452300884955,4.04622,4.59636
2005-12-01,0.741,1.1702,0.7037,1.729,2.209,1.1682,8.0798,6.3688,7.7548,45.97,120.62,3.7773,10.508,6.7915,6.456,1.6906,1036.9,101.96,8.1162,1.321,33.56,41.27,2.1446,100.7345,100.9514,-2.9352884407079647,-5.509725761061946,4.21772,4.70919
2006-02-01,0.7542,1.2092,0.6855,1.7781,2.217,1.1401,8.0616,6.173,7.7569,44.13,117.85,3.7495,10.4315,6.6775,6.112,1.6285,962.0,102.05,7.6487,1.2841,31.97,39.26,2.1446,100.8057,101.1368,-3.0109505663716813,-5.4237908495575216,4.54878,4.47188
2006-03-01,0.7429,1.1899,0.6632,1.7473,2.12,1.1365,8.039,6.2705,7.7574,44.35,116.18,3.7115,10.462,6.7287,6.1785,1.6186,970.5,102.57,7.9455,1.3165,32.28,38.85,2.1446,100.8176,101.1797,-3.0460135026548674,-5.3839673539823005,4.61142,4.59369
2006-05-01,0.7607,1.2607,0.6377,1.8286,2.0785,1.113,8.0165,5.914,7.7527,44.77,113.06,3.6255,11.0525,6.1642,5.9985,1.5787,942.7,102.81,7.361,1.2386,31.9,37.4,2.1446,100.8153,101.1659,-3.125366463716814,-5.293840495575221,5.01735,4.56045
2006-06-01,0.748,1.2824,0.6318,1.8686,2.2697,1.1003,8.0184,5.8168,7.7578,46.19,112.43,3.637,11.282,6.0709,6.6665,1.5815,946.9,103.23,7.2139,1.2197,32.05,38.1,2.1446,100.812,101.1349,-3.165965653097345,-5.247729079646017,5.06411,4.62110
2006-08-01,0.7632,1.2778,0.6189,1.8711,2.1875,1.1312,7.973,5.8398,7.7723,46.51,114.96,3.67,11.022,6.1547,6.97,1.581,955.7,103.97,7.2085,1.2317,32.82,37.9,2.1446,100.8382,101.101,-3.243473196460177,-5.159698194690265,5.29720,4.85679
2006-09-01,0.7663,1.2833,0.655,1.905,2.1397,1.1056,7.9533,5.8125,7.778,46.38,117.21,3.6655,10.894,6.335,7.2155,1.5721,960.3,102.18,7.2666,1.2308,32.85,37.48,2.1446,100.8831,101.1175,-3.285917803539823,-5.111490805309734,5.29061,4.84399
2006-11-01,0.7752,1.2771,0.6733,1.9091,2.1388,1.1313,7.8714,5.8369,7.7765,44.79,117.01,3.6485,10.7505,6.4761,7.363,1.5602,939.1,107.9,7.205,1.2433,33.16,36.66,2.1446,101.0561,101.1939,-3.3615799292035398,-5.0255558938053095,5.28993,5.03932
2006-12-01,0.7914,1.3316,0.6843,1.9794,2.161,1.1445,7.835,5.597,7.7748,44.5,115.33,3.591,10.986,6.1337,7.145,1.5397,928.3,108.1,6.7674,1.1947,32.34,35.8,2.1446,101.1838,101.2348,-3.4003337008849557,-4.981540451327434,5.29615,5.13040
2007-02-01,0.7746,1.3021,0.6815,1.9686,2.1052,1.1756,7.7575,5.7245,7.8041,44.01,120.67,3.5,10.984,6.2376,7.193,1.5342,937.0,108.58,6.9436,1.2427,32.86,35.13,2.1446,101.4884,101.321,-3.475995826548673,-4.895605539823009,5.29915,5.35382
2007-03-01,0.7863,1.3173,0.6943,1.9579,2.123,1.1711,7.7435,5.6552,7.8119,44.11,117.53,3.505,11.1846,6.1551,7.2875,1.5267,941.4,108.98,7.0502,1.2226,32.88,33.68,2.1446,101.6487,101.3767,-3.5110587628318584,-4.855782044247787,5.30816,5.34643
2007-05-01,0.8287,1.36,0.7417,1.9993,2.033,1.1088,7.7065,5.4792,7.8222,41.0,119.77,3.42,10.9308,5.9702,7.039,1.521,930.7,110.6,6.7123,1.2151,33.35,32.95,2.1446,101.9652,101.519,-3.5904117238938054,-4.765655185840708,5.31185,5.52375
2007-06-01,0.8313,1.344,0.7434,1.9804,1.901,1.0602,7.6483,5.5406,7.8106,40.27,122.1,3.397,10.7116,6.0253,7.081,1.5312,928.1,110.8,6.9293,1.2299,33.0,32.9,2.1446,102.1199,101.6001,-3.6310109132743364,-4.719543769911504,5.31985,5.65375
2007-08-01,0.8537,1.3682,0.7624,2.0309,1.881,1.0565,7.567,5.4381,7.8285,40.25,118.71,3.462,10.9605,5.8268,7.1225,1.52,924.9,111.75,6.7607,1.2013,32.9,29.82,2.1446,102.4237,101.7579,-3.7085184566371683,-4.631512884955752,5.43463,6.01517
2007-10-01,0.8931,1.4229,0.7662,2.0436,1.8179,0.9929,7.5158,5.2387,7.7694,39.7,115.91,3.396,10.913,5.3674,6.865,1.4755,914.5,113.45,6.447,1.1683,32.56,31.8,2.1446,102.712,101.8609,-3.786026,-4.543482,4.87321,5.82592
2007-11-01,0.9186,1.4435,0.7626,2.0818,1.7473,0.9497,7.4582,5.1633,7.7573,39.22,114.87,3.3495,10.667,5.422,6.568,1.4499,907.0,110.8,6.4111,1.1591,32.38,31.6,2.1446,102.8385,101.8725,-3.867616193548387,-4.595808467741936,4.67917,5.83719
2008-02-01,0.9035,1.4851,0.7948,1.9687,1.7438,0.9939,7.1845,5.0183,7.7971,39.12,106.3,3.231,10.812,5.4046,7.41,1.4136,944.5,107.65,6.3512,1.0821,32.03,31.05,2.1446,103.0017,101.7881,-4.093843548387097,-4.7408954919354835,3.12244,5.37179
2008-04-01,0.9067,1.5615,0.7814,1.9774,1.741,1.0268,7.0116,4.7752,7.7868,39.88,101.77,3.1765,10.6005,5.1876,8.0251,1.3782,979.0,107.75,6.0079,1.0108,30.3,31.38,2.1446,102.7679,101.7082,-4.245898,-4.838413,2.61006,5.14500
2008-05-01,0.9338,1.5458,0.7771,1.9749,1.6618,1.0187,6.9876,4.8272,7.7931,40.58,104.04,3.159,10.489,5.1463,7.635,1.3605,1004.0,107.88,6.0513,1.0478,30.51,31.62,2.1446,102.519,101.6132,-4.01854896875,-4.81972675,2.25716,5.09319
2008-07-01,0.9535,1.5778,0.7567,1.993,1.609,1.022,6.8608,4.726,7.7992,43.23,105.73,3.2785,10.385,5.0695,7.9151,1.3617,1050.5,107.67,5.9874,1.0183,30.37,33.4,2.1446,101.76,101.1732,-3.584519,-4.784053,2.24659,5.06839
2008-08-01,0.9317,1.5567,0.7268,1.9743,1.558,1.0251,6.8423,4.7916,7.8046,42.26,107.59,3.26,9.972,5.1374,7.2615,1.3725,1015.75,107.6,6.078,1.048,30.75,33.53,2.1446,101.2755,100.8076,-3.7714365,-4.610042625,2.17494,5.04475
2008-10-01,0.7937,1.4058,0.6785,1.7804,1.935,1.0607,6.8485,5.3064,7.7669,46.47,106.06,3.4429,10.9705,5.8833,8.269,1.4366,1194.85,108.15,6.9107,1.1209,32.14,33.98,2.1446,100.1891,99.85274,-4.128279,-4.277841,2.12852,5.06033
2008-12-01,0.6447,1.2634,0.5355,1.484,2.3625,1.237,6.8842,5.8955,7.751,49.94,93.71,3.627,13.57,7.0855,10.275,1.531,1439.4,109.95,8.2834,1.2076,33.33,35.71,2.1446,99.12201,98.88458,-4.027710544715447,-3.6744114065040647,0.28018,2.14708
2009-04-01,0.6941,1.3223,0.5635,1.4402,2.286,1.264,6.8339,5.6322,7.7501,50.48,98.93,3.645,13.8882,6.7311,9.3705,1.5215,1378.25,115.88,8.2182,1.1465,33.82,35.47,2.1446,97.8271,97.79636,-3.819031,-2.422295,0.26082,0.60490
2009-05-01,0.729,1.3267,0.5687,1.4881,2.173,1.1868,6.818,5.6139,7.75,49.65,99.24,3.558,13.823,6.5461,8.435,1.481,1277.0,120.0,8.0405,1.1364,33.14,35.25,2.1446,97.71793,97.72743,-3.29568296875,-2.4592694375,0.23329,0.55125
2009-06-01,0.8101,1.4192,0.6509,1.6448,1.9452,1.087,6.8264,5.2476,7.7516,46.78,96.53,3.47,13.1565,6.1871,7.9425,1.4418,1232.7,114.8,7.3909,1.0688,32.36,34.07,2.1446,97.67085,97.72682,-2.81991203125,-2.4928825624999997,0.26548,0.55028
2009-07-01,0.8105,1.4186,0.6452,1.6524,1.9299,1.1446,6.8331,5.2486,7.75,47.75,96.41,3.517,13.0965,6.3161,7.7356,1.443,1256.9,114.8,7.5568,1.072,32.69,34.03,2.1446,97.67195,97.78421,-2.296564,-2.529857,0.24245,0.54511
2009-09-01,0.8306,1.4235,0.6794,1.6168,1.8936,1.1028,6.8295,5.2285,7.7507,49.05,93.09,3.525,13.5725,6.0686,7.87,1.444,1245.0,114.65,7.247,1.0653,32.9,34.0,2.1446,97.78698,98.03148,-2.2119833333333334,-2.6971256666666665,0.21827,0.50307
2009-10-01,0.873,1.4532,0.7168,1.595,1.781,1.0773,6.826,5.1213,7.75,47.72,89.73,3.464,13.654,5.8251,7.704,1.4142,1173.35,114.78,7.0413,1.0424,32.14,33.47,2.1446,97.89568,98.19285,-2.169693,-2.78076,0.19003,0.50460
2009-12-01,0.9249,1.51,0.7285,1.6626,1.7253,1.043,6.827,4.9285,7.7495,46.21,86.62,3.3765,12.8537,5.6159,7.3055,1.3796,1154.0,114.37,6.9053,0.9984,32.13,33.17,2.1446,98.21712,98.51422,-2.186668737704918,-2.847253770491803,0.17886,0.50453
2010-02-01,0.8877,1.3904,0.7066,1.5924,1.8645,1.0651,6.826,5.3533,7.7665,46.27,90.8,3.413,12.94,5.8786,7.525,1.4122,1165.75,114.6,7.2766,1.0586,32.04,33.16,4.2893,98.64648,98.8163,-2.203644475409836,-2.9137475409836067,0.17252,0.52356
2010-03-01,0.9001,1.3516,0.6991,1.4974,1.7971,1.0421,6.8263,5.5057,7.7647,46.01,89.28,3.3865,12.7411,5.9508,7.621,1.4059,1153.0,114.55,7.2029,1.0827,32.04,32.84,4.2893,98.87518,98.97269,-2.211707950819672,-2.945332081967213,0.20298,0.53546
2010-04-01,0.9212,1.3569,0.7079,1.529,1.7659,1.0073,6.8263,5.4876,7.7671,44.79,93.83,3.256,12.2995,5.9145,7.26,1.3965,1126.3,113.8,7.1672,1.0559,31.74,32.33,4.2893,99.09451,99.13219,-2.221469,-2.983566,0.24183,0.54197
2010-06-01,0.8396,1.2266,0.6813,1.4673,1.8235,1.0476,6.8275,6.0651,7.7912,47.08,91.16,3.31,12.9195,6.449,7.6718,1.409,1216.0,113.75,7.8104,1.1548,32.33,32.58,4.2893,99.44987,99.43206,-2.9195838125,-3.0473469375,0.29840,0.54977
2010-07-01,0.838,1.2464,0.6867,1.5126,1.801,1.0622,6.7807,5.9764,7.7953,46.59,87.42,3.238,13.035,6.4793,7.7501,1.395,1227.0,113.45,7.7202,1.0675,32.19,32.36,4.2893,99.57038,99.55607,-3.285263,-3.080756,0.26579,0.55023
2010-09-01,0.9093,1.2813,0.7128,1.5472,1.7406,1.0497,6.8102,5.8102,7.7738,46.74,84.48,3.13,13.04,6.1755,7.2905,1.3468,1184.0,112.7,7.2696,1.0149,31.99,31.16,4.2893,99.69721,99.71471,-3.223723953125,-2.7772230312499997,0.22659,0.54886
2010-10-01,0.971,1.3754,0.7423,1.5829,1.681,1.0214,6.6895,5.4182,7.7573,44.41,83.3,3.085,12.5433,5.8379,6.932,1.3117,1130.25,111.75,6.7117,0.9761,31.3,30.15,4.2893,99.71638,99.73933,-3.19367,-2.628986,0.22604,0.55113
2010-11-01,0.9878,1.3888,0.7676,1.605,1.7042,1.0133,6.6892,5.3688,7.7515,44.36,80.66,3.09,12.3417,5.8667,7.005,1.2916,1116.73,111.65,6.6923,0.9935,30.5,29.85,4.2893,99.71903,99.72645,-2.8857262601626017,-2.7008246991869918,0.22863,0.55293
2010-12-01,0.9675,1.3149,0.7497,1.5603,1.703,1.016,6.663,5.6679,7.7665,45.29,84.0,3.15,12.3735,6.1362,7.01,1.309,1149.0,111.14,6.9666,0.9997,30.37,30.04,4.2893,99.71297,99.68182,-2.5777825203252034,-2.7726633983739837,0.24122,0.55613
2011-02-01,1.0122,1.3793,0.78,1.6124,1.662,0.9921,6.5937,5.4045,7.7913,45.65,81.48,3.06,12.0053,5.7199,7.1433,1.2712,1113.6,110.75,6.3879,0.9388,29.02,30.87,4.2893,99.68719,99.56438,-1.9464978536585367,-2.9199327317073167,0.23228,0.55656
2011-03-01,1.0159,1.3813,0.7508,1.6309,1.66,0.9742,6.57,5.3973,7.7887,44.82,81.86,3.033,12.0882,5.5778,6.9396,1.2707,1123.5,110.7,6.3122,0.9284,29.54,30.52,4.2893,99.6695,99.52235,-1.6539513008130082,-2.988179495934959,0.20767,0.55726
2011-04-01,1.0387,1.4215,0.7668,1.6132,1.6156,0.9629,6.5477,5.2455,7.7784,44.44,84.05,3.0255,11.829,5.4971,6.702,1.2606,1086.7,110.3,6.2937,0.9243,29.25,30.26,4.2893,99.65089,99.49458,-1.299816,-3.070794,0.14759,0.56829
2011-06-01,1.0716,1.4431,0.8224,1.6391,1.5831,0.9713,6.478,5.1662,7.7767,44.84,80.82,3.008,11.6362,5.3791,6.7763,1.231,1076.2,109.65,6.1812,0.8401,28.58,30.2,4.2893,99.62036,99.46468,-2.2247616825396825,-2.8500818888888886,0.12707,0.57219
2011-07-01,1.0754,1.4508,0.8273,1.607,1.5558,0.9608,6.4645,5.1415,7.7802,44.62,80.81,3.008,11.6294,5.367,6.7225,1.2264,1065.05,109.45,6.2746,0.8479,28.75,30.76,4.2893,99.61064,99.47115,-2.721074,-2.731651,0.12380,0.56533
2011-08-01,1.093,1.4202,0.8743,1.6278,1.561,0.9593,6.4337,5.2457,7.7906,44.06,76.87,2.937,11.7525,5.411,6.747,1.205,1051.3,109.3,6.3514,0.7813,28.8,29.73,4.2893,99.60495,99.5088,-2.7927583312101913,-2.705681891719745,0.14468,0.57705
2011-09-01,1.075,1.4283,0.8517,1.6179,1.6005,0.9751,6.3812,5.2144,7.783,45.66,76.81,2.988,12.2556,5.392,6.9965,1.2023,1061.4,109.98,6.3742,0.7951,28.93,29.95,4.2893,99.605,99.58594,-2.875195312101911,-2.675817417197452,0.14545,0.58412
2011-11-01,1.0302,1.3676,0.7943,1.5946,1.7525,1.02,6.3547,5.4402,7.7717,49.26,78.28,3.118,13.6665,5.6691,8.0986,1.2782,1122.05,110.11,6.6242,0.8901,30.07,30.88,4.2893,99.63767,99.81706,-3.0221481910828025,-2.6225807452229297,0.14261,0.58261
2011-12-01,1.0227,1.3487,0.7779,1.5698,1.7965,1.0172,6.3655,5.5138,7.7695,51.36,77.6,3.138,13.5875,5.7873,8.0925,1.2823,1126.55,113.85,6.7618,0.9135,30.1,30.81,4.2893,99.6725,99.93684,-3.0938325222929937,-2.596611636942675,0.14993,0.58091
2012-02-01,1.07,1.3179,0.8321,1.5849,1.7383,0.9984,6.3076,5.6405,7.7552,49.2738,76.11,3.0456,12.9514,5.807,7.6609,1.2521,1126.35,113.9,6.7389,0.9141,29.649,30.93,4.2947,99.73383,100.1129,-3.2407854012738855,-2.5433749649681525,0.14108,0.56290
2012-03-01,1.0803,1.332,0.8399,1.5953,1.7108,0.9848,6.3001,5.5813,7.7551,49.14,81.16,3.0,12.7661,5.58,7.465,1.2474,1116.0,122.1,6.6206,0.9051,29.37,30.5,4.2893,99.74172,100.1509,-3.3124697324840766,-2.517405856687898,0.14720,0.55567
2012-05-01,1.0345,1.3226,0.8156,1.6221,1.9037,0.9839,6.3089,5.6242,7.7583,52.5,80.17,3.0315,12.8877,5.717,7.72,1.2355,1128.35,129.21,6.7206,0.9087,29.11,30.7,4.2893,99.74052,100.1203,-3.4665910445859875,-2.4615722738853503,0.15155,0.55162
2012-06-01,0.9688,1.242,0.7537,1.5383,2.0325,1.0378,6.3692,5.9821,7.7603,55.44,78.21,3.197,14.365,6.1301,8.58,1.2918,1182.0,130.5,7.2494,0.9671,29.93,31.62,4.2893,99.74914,100.0601,-3.5454438089171973,-2.43300625477707,0.16300,0.54704
2012-08-01,1.0518,1.2299,0.8124,1.5596,2.0384,1.0017,6.368,6.0518,7.7551,55.47,78.19,3.113,13.2677,6.0148,8.2643,1.2439,1126.56,131.7,6.7602,0.9767,29.95,31.55,4.2893,99.74732,99.89824,-3.6959809044585987,-2.3784711273885346,0.15374,0.51364
2012-10-01,1.0374,1.29,0.8289,1.6142,2.0254,0.9827,6.284,5.7779,7.7543,52.46,78.0,3.059,12.8172,5.7275,8.3558,1.2286,1112.29,129.0,6.5751,0.9376,29.27,30.73,4.2893,99.65489,99.76359,-3.846518,-2.323936,0.15320,0.48593
2012-11-01,1.0402,1.2937,0.8264,1.6142,2.0304,0.9973,6.2393,5.7662,7.75,53.76,80.14,3.051,13.037,5.6816,8.6457,1.2201,1090.27,130.2,6.658,0.9326,29.2,30.71,4.2893,99.5902,99.73363,-3.8800232845528457,-2.2895936422764227,0.15550,0.48153
2013-02-01,1.0412,1.3692,0.8464,1.5744,1.981,0.9987,6.2265,5.4491,7.7562,53.16,92.54,3.108,12.6356,5.4312,8.8385,1.2393,1094.79,126.2,6.2904,0.903,29.59,29.77,4.2893,99.47632,99.77692,-3.972924300813008,-2.194371650406504,0.15463,0.47869
2013-03-01,1.021,1.2988,0.8248,1.5033,1.9829,1.0285,6.2226,5.7403,7.7551,54.9,93.38,3.093,12.7956,5.7599,9.0716,1.2396,1083.9,127.38,6.4531,0.9448,29.66,29.78,6.2842,99.48793,99.79646,-4.0018606829268295,-2.1647123414634146,0.15505,0.48294
2013-04-01,1.0421,1.2857,0.8377,1.5232,2.018,1.0166,6.2078,5.798,7.7635,54.28,93.3,3.092,12.3404,5.8143,9.1776,1.2401,1114.38,126.3,6.5094,0.946,29.86,29.29,6.2842,99.52372,99.81368,-4.033843,-2.131931,0.15390,0.48298
2013-05-01,1.0285,1.3192,0.8494,1.5578,2.0065,1.0083,6.1647,5.6511,7.7603,53.65,97.28,3.0415,12.2246,5.7601,9.0201,1.2331,1100.35,126.7,6.4734,0.9268,29.5,29.31,6.2842,99.57786,99.83587,-4.236162906250001,-2.0916307812499997,0.14350,0.48137
2013-07-01,0.9247,1.306,0.783,1.5247,2.228,1.0499,6.1325,5.711,7.7554,59.38,99.62,3.163,12.9,6.0734,9.8895,1.2634,1135.27,130.6,6.6636,0.9452,29.96,30.9,6.2842,99.71541,99.90746,-4.62241,-2.014694,0.12104,0.47829
2013-08-01,0.8919,1.3217,0.7868,1.5145,2.298,1.0338,6.1302,5.6401,7.7559,60.45,99.3,3.241,12.824,5.9465,9.9825,1.2754,1122.99,131.6,6.6039,0.9353,30.04,31.31,6.2842,99.78709,99.94359,-4.9579330312500005,-1.9143152187499999,0.11783,0.47834
2013-10-01,0.9387,1.3534,0.8272,1.6208,2.224,1.0333,6.12,5.5094,7.7535,62.46,98.05,3.232,13.1771,5.9839,10.08,1.252,1072.9,131.35,6.3584,0.9064,29.49,31.21,6.2842,99.92321,99.96009,-5.598477,-1.722683,0.10428,0.46987
2013-11-01,0.9438,1.3488,0.8231,1.5922,2.2585,1.0442,6.0993,5.5299,7.7524,61.84,98.78,3.17,13.0815,5.9678,10.168,1.2434,1060.91,131.0,6.5354,0.9124,29.41,31.22,6.2842,99.99022,99.92342,-5.326378495934959,-1.7705546422764227,0.10277,0.46795
2014-04-01,0.9252,1.3804,0.867,1.6639,2.2626,1.1026,6.2064,5.4076,7.7568,59.86,103.52,3.262,13.0265,5.9847,10.563,1.2589,1058.3,130.65,6.4524,0.8825,30.28,32.34,6.2842,100.3586,99.86874,-4.077199,-1.990329,0.08864,0.46294
2014-05-01,0.9275,1.3867,0.8628,1.69,2.2335,1.0965,6.2591,5.3825,7.7528,60.11,102.3,3.261,13.0525,5.9438,10.482,1.2525,1032.75,130.63,6.5013,0.8797,30.17,32.36,6.2842,100.4295,99.9819,-4.4049556875,-1.9949496875,0.08842,0.46356
2014-07-01,0.9488,1.3681,0.8772,1.7147,2.2015,1.0652,6.1995,5.4497,7.75,60.05,101.51,3.206,12.9455,6.1631,10.675,1.2454,1010.7,130.27,6.6937,0.8871,29.88,32.39,6.2842,100.5469,100.2365,-5.030673,-2.003771,0.09275,0.47155
2014-08-01,0.9304,1.3436,0.851,1.6832,2.2674,1.0918,6.1793,5.5489,7.7496,61.2,102.45,3.211,13.214,6.2688,10.7015,1.2469,1036.85,130.2,6.8672,0.9048,30.0,32.14,6.2842,100.5893,100.3431,-5.66734715625,-2.10398409375,0.09079,0.47003
2014-10-01,0.8734,1.2618,0.7811,1.6216,2.4746,1.1171,6.138,5.8993,7.7645,61.71,109.3,3.271,13.461,6.4462,11.25,1.2728,1062.7,130.4,7.2224,0.9566,30.43,32.43,6.2842,100.6306,100.4818,-6.882816,-2.2953,0.09060,0.47283
2014-12-01,0.8521,1.249,0.7899,1.5743,2.562,1.1343,6.1515,5.9568,7.754,61.94,118.14,3.432,13.9355,6.9254,10.994,1.305,1108.36,131.0,7.4119,0.9631,31.03,32.75,6.2842,100.6049,100.5703,-5.6291304262295085,-2.256421967213115,0.11010,0.46652
2015-04-01,0.7615,1.0768,0.7461,1.4823,3.1547,1.261,6.1976,6.9382,7.7524,62.14,119.62,3.6975,15.113,8.007,11.961,1.3634,1098.1,132.9,8.6475,0.9671,31.24,32.47,6.2842,100.4785,100.6494,-3.059075,-2.176722,0.12200,0.48032
2015-05-01,0.7813,1.1194,0.752,1.5137,3.0145,1.2191,6.2018,6.6692,7.7509,63.63,120.21,3.56,15.565,7.6248,12.065,1.3293,1080.22,133.1,8.3931,0.934,30.7,33.2,6.2842,100.4514,100.6266,-3.5223860625,-2.2498665,0.12316,0.48128
2015-06-01,0.7613,1.0913,0.7098,1.5187,3.1655,1.2547,6.1985,6.8351,7.7567,63.59,124.64,3.681,15.4685,7.9633,12.253,1.3545,1115.61,133.9,8.5884,0.9467,30.87,33.69,6.2842,100.4242,100.5831,-3.9435779374999997,-2.3163614999999997,0.12294,0.48128
2015-07-01,0.7664,1.1084,0.6754,1.5617,3.1269,1.2559,6.2008,6.731,7.7524,63.55,123.02,3.744,15.778,7.8909,12.253,1.3517,1123.89,133.8,8.3493,0.9456,30.93,33.81,6.2842,100.3977,100.5211,-4.406889,-2.389506,0.12630,0.48228
2015-09-01,0.7036,1.1263,0.6346,1.5341,3.6715,1.318,6.363,6.6264,7.75,66.34,119.94,4.164,16.8775,8.283,13.398,1.4125,1179.78,134.5,8.4609,0.9622,32.42,35.74,6.2842,100.3511,100.3589,-5.9533215156249994,-2.236870109375,0.13439,0.48040
2015-10-01,0.7044,1.12,0.6411,1.5162,4.0003,1.324,6.3559,6.6601,7.75,65.57,119.58,4.404,16.8915,8.4364,13.87,1.4289,1180.04,140.89,8.3633,0.9744,32.81,36.48,6.2842,100.3297,100.2721,-6.708556,-2.162327,0.13159,0.48205
2015-12-01,0.732,1.062,0.6679,1.5074,3.8491,1.3372,6.3883,7.0245,7.7518,66.46,122.88,4.242,16.5305,8.6434,14.4325,1.4071,1149.39,142.76,8.6974,1.0296,32.53,35.75,6.2842,100.2796,100.1231,-6.245178903225806,-2.1576995806451613,0.22862,0.47926
2016-02-01,0.7084,1.0888,0.6512,1.4367,3.9866,1.4005,6.5778,6.854,7.7739,67.92,121.06,4.15,18.293,8.7104,15.948,1.4239,1203.19,143.81,8.5385,1.0202,33.41,35.58,6.2842,100.2229,100.0118,-5.770217379032258,-2.1529564758064517,0.37150,0.48125
2016-03-01,0.7172,1.0847,0.6619,1.3948,3.9475,1.3404,6.55,6.8759,7.7709,67.75,113.94,4.165,17.9,8.6574,15.5465,1.4012,1229.56,143.8,8.6312,0.9994,33.04,35.59,6.2842,100.1975,99.96378,-5.538528830645161,-2.150642766129032,0.37393,0.48068
2016-04-01,0.7672,1.1385,0.6899,1.4204,3.541,1.3047,6.4776,6.5424,7.7537,66.34,112.06,3.889,17.3205,8.3127,14.735,1.3482,1147.15,145.25,8.1164,0.9588,32.26,35.18,9.975,100.174,99.92219,-5.272087,-2.147982,0.38031,0.48292
2016-06-01,0.7242,1.1165,0.6807,1.4395,3.603,1.3089,6.5748,6.663,7.7709,67.44,109.55,4.143,18.5475,8.3099,15.5975,1.378,1192.09,146.9,8.303,0.9892,32.62,35.7,9.975,100.1308,99.87118,-6.19269746875,-2.1217129687500003,0.39044,0.48128
2016-07-01,0.7485,1.1145,0.7167,1.3281,3.2448,1.2897,6.6547,6.6757,7.7581,67.24,102.55,3.996,18.393,8.3279,14.5755,1.3452,1146.49,145.75,8.4301,0.973,32.2,35.03,9.975,100.1153,99.86028,-6.674922,-2.107953,0.41419,0.47702
2016-08-01,0.7567,1.1176,0.7196,1.3209,3.265,1.3096,6.6421,6.6557,7.7609,66.63,102.26,4.0215,18.8325,8.475,13.9005,1.3397,1106.15,144.76,8.5701,0.9671,31.55,34.75,9.975,100.1104,99.85223,-6.5995049129662515,-2.1209197495559504,0.41817,0.27054
2016-09-01,0.7542,1.1194,0.7282,1.3273,3.246,1.3107,6.6713,6.6476,7.757,66.85,103.22,4.074,18.826,8.3256,14.6845,1.3593,1116.89,145.3,8.5504,0.9792,31.72,34.59,9.975,100.1206,99.84161,-6.512775262877442,-2.1358315115452933,0.42165,0.22787
2016-11-01,0.7659,1.1042,0.7176,1.2218,3.2342,1.3377,6.763,6.7359,7.7546,66.7,104.59,4.179,19.1,8.1986,13.575,1.3887,1142.68,147.5,8.9479,0.979,31.54,35.01,9.975,100.1895,99.80367,-6.358170234458259,-2.1624133481349914,0.43399,0.22818
2016-12-01,0.7411,1.0634,0.7072,1.2596,3.4717,1.333,6.883,6.9958,7.7563,68.29,114.34,4.461,20.7375,8.4446,14.075,1.427,1167.31,148.1,9.2479,1.0126,31.93,35.67,9.975,100.2448,99.77682,-6.282753147424511,-2.1753800976909416,0.56063,0.22581
2017-02-01,0.7564,1.0758,0.7251,1.2643,3.153,1.3088,6.8768,6.914,7.7593,67.4,113.29,4.428,20.8155,8.2492,13.425,1.4151,1154.45,150.5,8.7643,0.993,31.17,35.12,9.975,100.3727,99.72295,-6.131918973357015,-2.201313596802842,0.68637,0.22394
2017-03-01,0.7664,1.0564,0.7131,1.2318,3.1028,1.3345,6.8794,7.0363,7.7632,66.83,113.66,4.4455,19.8785,8.3996,13.0325,1.4088,1140.75,151.25,9.0293,1.0072,30.76,34.96,9.975,100.4353,99.70569,-6.0602727406749555,-2.2136320088809947,0.80956,0.22445
2017-05-01,0.7534,1.0912,0.6914,1.2917,3.176,1.3653,6.89,6.8157,7.7775,64.25,111.78,4.339,18.761,8.5838,13.375,1.3958,1134.87,151.95,8.8281,0.9955,30.16,34.58,9.975,100.5508,99.71575,-5.898126003552398,-2.2415105204262877,0.92865,0.22363
2017-06-01,0.7387,1.1214,0.7064,1.2894,3.2398,1.3484,6.8029,6.633,7.7915,64.39,111.24,4.286,18.5775,8.4392,12.9775,1.3859,1120.85,152.7,8.6915,0.9712,30.09,34.16,9.975,100.6048,99.75186,-5.815167207815275,-2.2557739449378333,1.06409,0.22215
2017-08-01,0.7974,1.1799,0.7474,1.3206,3.1143,1.254,6.717,6.3026,7.8121,64.06,110.33,4.284,17.8085,7.9235,13.215,1.3579,1121.09,153.1,8.1124,0.9655,30.24,33.28,9.975,100.7027,99.89079,-5.656791325044405,-2.2830041190053287,1.17755,0.22293
2017-09-01,0.798,1.1878,0.7167,1.2972,3.1308,1.2372,6.5552,6.2609,7.8241,64.02,110.09,4.269,17.7835,7.7916,12.925,1.3565,1119.12,152.7,7.9911,0.9626,30.06,33.15,9.975,100.7401,99.98767,-5.5700616749555945,-2.2979158809946716,1.17844,0.22315
2017-11-01,0.7676,1.1618,0.6896,1.3257,3.2697,1.289,6.6018,6.4058,7.8012,64.56,114.04,4.23,19.135,8.1596,14.08,1.3608,1110.03,153.65,8.4017,1.0014,30.13,33.11,9.975,100.7587,100.1918,-5.415456646536412,-2.3244977175843697,1.18330,0.45515
2017-12-01,0.7624,1.191,0.6892,1.3505,3.2577,1.2705,6.6137,6.2476,7.8118,64.5,111.88,4.0875,18.62,8.2777,13.7225,1.345,1082.36,153.55,8.3623,0.9762,30.02,32.59,9.975,100.7291,100.2779,-5.340039559502664,-2.33746446714032,1.31441,0.47302
2018-02-01,0.8028,1.2482,0.7398,1.4247,3.1718,1.228,6.2969,5.9625,7.8218,63.97,109.5,3.8995,18.36,7.6671,11.84,1.3097,1069.33,154.05,7.8588,0.9288,29.21,31.31,9.975,100.6127,100.3908,-5.185434531083481,-2.364046303730018,1.44326,0.47304
2018-03-01,0.7762,1.2216,0.725,1.3755,3.2421,1.284,6.3565,6.0958,7.8275,65.2,106.91,3.927,18.8115,7.8612,11.8825,1.3245,1081.33,154.95,8.2603,0.9461,29.31,31.54,35191.8,100.544,100.4152,-5.1137882984014205,-2.3763647158081707,1.51830,0.47533
2018-05-01,0.7488,1.2,0.7007,1.3611,3.507,1.2873,6.3325,6.2082,7.8488,66.52,109.69,3.92,18.8325,8.0834,12.62,1.3327,1071.91,157.55,8.8386,0.9954,29.68,31.67,68827.5,100.4182,100.4124,-4.951641561278863,-2.4042432273534637,1.70660,0.47475
2018-06-01,0.7566,1.1679,0.6987,1.3358,3.755,1.2948,6.418,6.3732,7.8454,66.99,109.49,3.977,19.8585,8.1646,12.64,1.3379,1071.27,158.55,8.8205,0.9867,29.82,32.02,79800.0,100.3675,100.39,-4.868682765541741,-2.418506651865009,1.83763,0.47157
2018-08-01,0.7402,1.1666,0.6795,1.312,3.753,1.3006,6.8154,6.3869,7.8486,68.37,111.72,4.064,18.6255,8.174,13.2225,1.3619,1118.15,159.4,8.8033,0.9923,30.63,33.13,172368.0,100.29,100.3008,-4.71030688277087,-2.4457368259325047,1.91649,0.68121
2018-10-01,0.7223,1.1567,0.6613,1.3032,4.0059,1.2799,6.868,6.4461,7.826,72.92,113.96,4.138,18.6625,8.1595,14.2,1.3716,1112.53,168.9,8.9488,0.984,30.54,32.28,62.0146,100.2514,100.1643,-4.551931,-2.472967,2.17299,0.68787
2018-11-01,0.7189,1.1396,0.6642,1.2974,3.699,1.3108,6.9205,6.5841,7.8365,73.45,112.79,4.177,20.1325,8.41,14.505,1.3765,1126.19,174.0,9.1462,1.0033,30.75,32.93,64.5782,100.2578,100.1023,-4.1553669495798315,-2.4185870672268908,2.17789,0.68159
2019-02-01,0.726,1.1474,0.6907,1.3094,3.6552,1.3095,6.7426,6.5068,7.8468,71.41,109.55,4.094,19.1275,8.4316,13.3125,1.35,1118.31,176.4,9.0384,0.994,30.78,31.28,3290.8722,100.381,100.0608,-3.109879907563025,-2.2752217899159666,2.38409,0.67747
2019-03-01,0.708,1.1376,0.6806,1.3222,3.7852,1.3277,6.7048,6.5591,7.8481,70.9,111.89,4.072,19.3065,8.5778,14.1975,1.3549,1126.76,179.6,9.2607,0.9987,30.84,31.8,3293.9844,100.4338,100.1074,-2.785418411764706,-2.230729117647059,2.38900,0.67499
2019-04-01,0.7117,1.121,0.6813,1.3144,3.8699,1.3344,6.7102,6.6594,7.8495,69.18,111.29,4.079,19.214,8.59,14.1675,1.3547,1133.0,174.25,9.2821,0.9988,30.8,31.71,3286.2438,100.4868,100.1823,-2.40688,-2.178821,2.39100,0.67153
2019-05-01,0.7038,1.1246,0.6652,1.3091,3.9195,1.3417,6.7319,6.6394,7.8448,69.52,111.18,4.132,18.8515,8.6371,14.365,1.3586,1161.61,176.0,9.4968,1.0137,30.89,31.91,5189.9327,100.5406,100.28,-2.4052502812500003,-2.12570234375,2.35909,0.67353
2019-07-01,0.6963,1.1307,0.6675,1.2644,3.8217,1.3124,6.8487,6.6006,7.8127,68.87,108.42,4.1334,19.076,8.5733,14.1375,1.3566,1158.5,176.2,9.3364,0.9864,30.97,30.64,6716.4553,100.6383,100.5106,-2.402139,-2.024294,2.35487,0.66756
2019-08-01,0.6858,1.1062,0.6564,1.2145,3.8366,1.3202,6.8972,6.7501,7.8266,69.0,108.28,4.1423,19.17,8.8706,14.5175,1.372,1187.0,176.44,9.6492,0.9938,31.15,30.83,11236.3199,100.6659,100.6207,-1.50659524375,-1.9562156874999999,2.09670,0.66994
2019-10-01,0.6703,1.0932,0.6246,1.2242,4.1624,1.3235,7.1473,6.8288,7.8425,71.11,107.7,4.192,19.7755,9.1192,15.3525,1.3851,1198.96,182.2,9.8791,0.9936,31.07,30.61,20694.5259,100.659,100.7929,0.2030792,-1.826248,1.80198,0.67271
2019-11-01,0.6914,1.1169,0.6445,1.295,3.9756,1.3145,7.0368,6.6892,7.8365,70.76,108.16,4.1642,19.099,9.09,15.035,1.3567,1165.45,181.1,9.5639,0.9855,30.45,30.17,23344.4006,100.6379,100.8547,-0.12141072258064517,-2.0340610645161292,1.54125,0.67682
2020-04-01,0.6107,1.0934,0.5944,1.2394,5.2494,1.4222,7.0989,6.8269,7.7528,76.4,107.05,4.3585,24.453,10.4593,18.145,1.4346,1229.65,186.69,10.0468,0.9675,30.29,33.04,80743.3602,85.81389,93.23019,-1.625864,-2.997558,0.06813,0.05871
2020-05-01,0.6424,1.0998,0.6053,1.2509,5.4858,1.4102,7.0622,6.7828,7.7517,75.75,106.76,4.3004,24.8066,10.3348,18.85,1.4163,1223.2,191.88,9.8316,0.9599,29.72,32.52,176096.6952,82.05745999999999,92.02608,-1.732421,-3.0295508125,0.06076,0.05743
2020-06-01,0.6785,1.1123,0.6286,1.2472,5.3727,1.3603,7.1263,6.7027,7.7514,75.56,107.56,4.312,21.991,9.6403,17.4,1.4075,1224.79,186.0,9.386,0.9613,29.91,31.65,197615.3142,85.49916,93.91477,-1.829291,-3.0586351875,0.06922,0.05453
2020-07-01,0.6917,1.1259,0.6474,1.2474,5.3492,1.3579,7.0703,6.6191,7.7503,75.5,107.5,4.2845,22.823,9.5139,17.08,1.3936,1201.84,186.15,9.29,0.9455,29.43,31.02,203906.6474,88.94067,95.78439,-1.935848,-3.090628,0.08364,0.05222
2020-09-01,1.356275,0.837048,1.478217,0.745558,5.358062,1.30455,6.82846,6.231137,7.750243,73.028041,105.99318,4.14301,21.757835,8.750903,16.636894,1.359955,1185.835866,185.881898,8.67397,0.907234,29.368463,31.182291,9.9875,92.66102,97.77527,-4.263524220779221,-3.2018074155844154,0.08187,0.05024
2020-10-01,1.391187,0.850934,1.504237,0.775389,5.648844,1.329253,6.790982,6.334146,7.750168,73.168415,105.532406,4.150153,21.985256,9.31315,16.654726,1.362855,1163.214663,184.859963,8.922294,0.918005,28.885515,31.573528,9.9875,92.94701,97.92089,-5.749275,-3.272773,0.08131,0.04986
2020-11-01,1.42528,0.856415,1.511212,0.772529,5.743108,1.332491,6.692462,6.395841,7.752018,74.565313,104.831006,4.153403,21.182209,9.54149,16.231069,1.366451,1136.690637,184.299884,8.90503,0.917466,28.633805,31.173333,9.9875,93.23149,98.07908,-4.096233897826087,-3.2169329021739133,0.08209,0.04603
2020-12-01,1.359675,0.83071,1.416922,0.746784,5.264679,1.295469,6.572511,6.184672,7.752071,73.521225,104.412794,4.08026,20.050307,8.826555,15.276797,1.338382,1107.416168,186.098581,8.506867,0.900502,28.548964,30.279532,9.9875,92.92382,98.35726,-2.4965167021739125,-3.162894097826087,0.08308,0.04253
2021-01-01,1.303639,0.823015,1.392747,0.741076,5.19395,1.27227,6.530593,6.088914,7.749536,73.059036,103.215486,4.022498,19.893382,8.567929,14.706621,1.322138,1087.425995,185.2499,8.230315,0.891587,28.088578,29.998957,9.9875,92.61562,98.65836,-0.8434756,-3.107054,0.08513,0.03727
2021-02-01,1.311442,0.828319,1.395749,0.731267,5.473014,1.282555,6.467434,6.160298,7.752477,73.181562,104.964396,4.042747,20.342389,8.591234,15.033351,1.332647,1118.0623,191.741938,8.426008,0.896408,28.008516,29.998578,9.9875,92.30634,98.94743,-0.20042585999999996,-3.2211715444444446,0.08085,0.03876
2021-03-01,1.286142,0.829615,1.375154,0.717484,5.571312,1.265433,6.465707,6.169004,7.756711,73.385266,106.691864,4.05587,20.612344,8.556518,14.963637,1.32885,1119.012305,194.510221,8.437496,0.913968,27.837685,30.214311,9.9875,94.04144,99.14842,0.38039326000000007,-3.3242454555555554,0.07741,0.04019
2021-04-01,1.315197,0.849496,1.426209,0.723362,5.686147,1.256894,6.564615,6.318704,7.776623,73.320065,110.614972,4.145588,20.337684,8.534214,14.65093,1.344464,1129.056193,199.5133,8.713771,0.941212,28.497553,31.233387,187356878266.7841,95.77164,99.31895,1.023443,-3.438363,0.07379,0.04066
2021-05-01,1.29592,0.831953,1.396262,0.723707,5.437299,1.22931,6.474,6.186432,7.767861,74.098012,109.326767,4.095439,20.241213,8.325617,14.494807,1.330848,1117.574401,196.472567,8.467246,0.913127,27.897437,31.1834,274058404036.00345,97.50945,99.47011,-0.11263985714285714,-3.559519483516483,0.06177,0.04115
2021-06-01,1.287575,0.816881,1.377923,0.705802,5.164524,1.2033,6.381771,6.07466,7.759014,72.846045,109.41667,4.127585,19.895675,8.306265,13.757251,1.321484,1106.835531,197.519302,8.263871,0.895388,27.574798,31.177863,310658227685.54877,97.90292,99.64618,-1.286592142857143,-3.6847145164835164,0.06739,0.04119
2021-07-01,1.33851,0.8434,1.432881,0.725783,5.035219,1.240549,6.468773,6.271667,7.765645,74.572733,111.548822,4.15868,19.994623,8.618679,14.441012,1.348191,1134.472306,199.5107,8.575609,0.925259,27.920999,32.08357,321000249431.24207,98.30907,99.83473,-2.422675,-3.805871,0.08316,0.04061
2021-08-01,1.361933,0.842695,1.434238,0.719111,5.213569,1.247228,6.461315,6.266472,7.772437,74.365424,109.727247,4.220875,19.870221,8.822355,14.579798,1.354345,1151.995184,199.056432,8.603311,0.905449,27.978526,32.93665,397396611415.3689,98.72301,100.0251,-1.4928856652173912,-3.775094739130435,0.07806,0.04089
2021-09-01,1.35714,0.843788,1.414788,0.725149,5.180978,1.261641,6.459398,6.274474,7.775927,72.974335,110.028486,4.153661,19.965142,8.683898,14.38972,1.343531,1156.297519,199.513994,8.601901,0.914409,27.709849,32.302796,415423100747.8267,99.10697,100.2008,-0.5630963304347826,-3.7443184782608694,0.07181,0.04098
2021-10-01,1.375609,0.862318,1.441059,0.737063,5.368396,1.266198,6.447531,6.412966,7.785054,74.180825,110.968599,4.180803,20.494421,8.628118,14.873513,1.355184,1181.009584,199.710102,8.753079,0.92991,27.814423,33.650881,421724950453.3024,99.49978,100.3323,0.3366998,-3.714535,0.07235,0.04052
2021-11-01,1.327446,0.862832,1.390011,0.731188,5.680633,1.235461,6.397311,6.41929,7.782886,74.83425,114.19099,4.151434,20.848876,8.397352,15.390404,1.348201,1177.893015,201.949047,8.514182,0.910535,27.853412,33.292905,437231.657181,99.89828,100.3886,-2.308099839130435,-3.9917036413043476,0.07272,0.03989
2021-12-01,1.402375,0.882979,1.462042,0.751458,5.637592,1.27774,6.367836,6.565746,7.791387,74.870963,112.798443,4.218099,21.312284,9.055101,15.917997,1.363355,1174.917009,202.747881,9.046777,0.919406,27.676704,33.664495,460887.549074,99.9334,100.352,-4.867583360869565,-4.259931358695652,0.07346,0.10105
2022-01-01,1.376675,0.879576,1.462145,0.739203,5.57805,1.26384,6.353864,6.540898,7.796032,74.50667,115.09033,4.166557,20.511614,8.816426,15.952229,1.349086,1188.74892,202.919801,9.052926,0.911961,27.717018,33.202704,459060.52896,99.97488,100.2387,-7.512383,-4.5371,0.07583,0.33176
2022-02-01,1.406524,0.889889,1.510606,0.740537,5.280698,1.268826,6.362861,6.620818,7.794225,74.822258,114.777431,4.18549,20.563787,8.859489,15.281469,1.349658,1204.684649,202.447434,9.282449,0.923284,27.817161,33.193139,455433.122321,100.0111,100.0801,-6.241638233333333,-4.316183666666666,0.07689,0.50121
2022-03-01,1.379994,0.900731,1.480576,0.750868,5.160472,1.270948,6.312915,6.699193,7.817108,75.858646,114.893652,4.193161,20.583882,8.886743,15.428652,1.358242,1204.766118,201.696675,9.644834,0.919206,28.110893,32.72575,438015.669985,100.0323,99.91029,-5.093868766666667,-4.116646333333333,0.19818,0.71211
2022-04-01,1.334547,0.905511,1.44651,0.762687,4.694197,1.250736,6.363342,6.734793,7.834516,75.991144,122.569586,4.209429,19.839508,8.743676,14.664425,1.356847,1219.55943,294.50341,9.360325,0.925685,28.685989,33.420107,437292.632694,100.0358,99.7568,-3.823124,-3.89573,0.32669,0.83666
2022-05-01,1.415866,0.948204,1.548006,0.795184,4.972782,1.285948,6.608504,7.05335,7.846981,76.507022,129.832469,4.354898,20.42526,9.382811,15.816756,1.383232,1263.064711,349.564948,9.821144,0.973487,29.487868,34.274357,448074.205032,100.0228,99.63931,-3.182804989010989,-3.7414465934065935,0.77301,1.01991
2022-06-01,1.396307,0.939641,1.545924,0.802068,4.803539,1.267113,6.686815,6.990678,7.847988,77.607686,130.095236,4.383178,19.756478,9.486422,15.628909,1.375392,1246.865804,359.568417,9.859537,0.964557,29.249897,34.34701,505700.047912,99.9973,99.56774,-2.521142010989011,-3.5820204065934065,1.21599,1.22846
2022-07-01,1.472783,0.960509,1.615731,0.829819,5.308839,1.291517,6.700816,7.144849,7.846273,78.904608,135.046319,4.407297,20.318413,9.956887,16.4114,1.397482,1299.280888,357.990787,10.333336,0.962219,29.803257,35.630544,552859.366,99.96631,99.53745,-1.880823,-3.427737,1.63918,1.40928
2022-08-01,1.421965,0.973915,1.576331,0.814672,5.150999,1.283652,6.76818,7.25033,7.850007,78.950186,131.776392,4.452954,20.260281,9.619347,16.461422,1.376243,1305.262667,362.680028,10.104336,0.948897,30.104579,36.121954,563912.920931,99.93705,99.53753,-1.0329363054347827,-3.3759403804347827,2.31546,1.78759
2022-09-01,1.476061,1.005395,1.649125,0.866957,5.231019,1.316409,6.906721,7.477996,7.848321,79.661307,139.944732,4.476858,20.235638,10.056787,17.298511,1.40254,1357.674191,360.576902,10.804441,0.983871,30.608295,36.825827,785267.11707,99.91528,99.55599,-0.18504961086956523,-3.324143760869565,2.57825,2.28819
2022-10-01,1.559839,1.020042,1.78744,0.895387,5.412156,1.383634,7.112429,7.585884,7.849863,81.569652,144.735712,4.63747,20.129944,10.879723,18.099842,1.4337,1438.529591,364.179049,11.092459,0.987119,31.846825,37.85266,816845.039181,99.90318,99.58266,0.6354859,-3.274018,3.06296,2.61679
2022-11-01,1.56416,1.012904,1.711781,0.872694,5.112583,1.363532,7.278219,7.538928,7.84977,82.641259,148.120585,4.736313,19.734407,10.348587,18.250258,1.415091,1417.865955,366.965217,11.024907,0.999549,32.187939,37.794906,857646.712662,99.90039,99.61045,-0.38028567499999993,-3.248892163043478,3.74021,3.03727
2022-12-01,1.469609,0.952551,1.569991,0.816405,5.182337,1.342857,7.043857,7.08395,7.777795,81.192398,135.533957,4.40536,19.151746,9.754635,17.657165,1.35503,1305.201204,368.248821,10.340879,0.937802,30.611558,34.799737,1105540.817678,99.90425,99.63593,-1.363290425,-3.2245768369565218,4.06734,3.42907
2023-01-01,1.467601,0.934361,1.574802,0.826559,5.288898,1.353573,6.953573,6.947021,7.809644,82.728422,131.018023,4.402909,19.47302,9.803795,17.006183,1.340089,1262.374018,365.076106,10.427079,0.924558,30.63225,34.625492,1724101.29976,99.90942,99.65987,-2.379062,-3.199451,4.30991,3.68313
2023-02-01,1.415017,0.915908,1.554078,0.812538,5.076778,1.333398,6.742516,6.814087,7.841268,81.848444,129.280635,4.265625,18.711521,9.995368,17.169656,1.312156,1228.154034,365.975201,10.428715,0.91475,29.826646,32.932092,2234550.370978,99.9099,99.68629,-2.781167133333333,-3.2011721888888887,4.54394,3.96301
2023-03-01,1.477461,0.936755,1.596788,0.830928,5.196441,1.359602,6.868944,6.971118,7.849449,82.42877,135.82332,4.472452,18.095691,10.382348,18.107175,1.341505,1301.988549,357.643018,10.423697,0.938668,30.516492,34.67596,2430573.358272,99.90102,99.72163,-3.1443588666666664,-3.2027268111111113,4.63447,4.11949
2023-04-01,1.49549,0.921071,1.597727,0.8105,5.067123,1.351891,6.86831,6.870776,7.849872,82.150622,132.789635,4.411459,18.024104,10.482646,17.771426,1.330817,1306.570005,328.999833,10.38121,0.915074,30.572656,34.175525,2444084.967368,99.88166,99.77378,-3.546464,-3.204448,4.80877,
2023-05-01,1.507275,0.911615,1.621311,0.800394,4.989363,1.354373,6.922024,6.795104,7.850058,81.759791,137.366885,4.460285,17.925855,10.743609,18.377085,1.336508,1341.416178,319.778717,10.331063,0.896251,30.800381,34.25151,2469496.817311,99.85315,99.84943,-3.2036361978021977,-3.104704263736264,5.03737,
2023-06-01,1.520555,0.930128,1.646461,0.79773,5.019635,1.344244,7.094975,6.926706,7.831697,82.320453,138.758913,4.613359,17.55226,11.065228,19.597134,1.347409,1316.596872,294.882064,10.81892,0.907765,30.687525,34.578146,2618339.89922,99.81881,99.95033,-2.849380802197802,-3.0016357362637365,5.06622,
2023-07-01,1.500652,0.916507,1.629282,0.788462,4.788811,1.32439,7.251764,6.822645,7.836438,82.063743,144.305103,4.666429,17.119153,10.762533,18.843016,1.352317,1316.061305,308.036368,10.788163,0.895524,31.193215,35.285402,2779273.24203,99.78423,100.0677,-2.506553,-2.901892,,
2023-08-01,1.512849,0.911554,1.628341,0.784441,4.78311,1.329051,7.170084,6.79246,7.794147,82.337343,143.331897,4.518526,16.850187,10.222815,18.240567,1.336437,1289.826846,319.132021,10.616874,0.876361,31.638777,34.392813,2946485.865254,99.75476,100.1888,-2.506553,-2.901892,,
2023-09-01,1.550824,0.926963,1.683345,0.793979,4.941619,1.358238,7.25592,6.90912,7.84581,82.699146,146.193056,4.647081,17.146825,10.676744,18.815046,1.354196,1321.58812,319.946259,11.047503,0.885657,31.891259,35.123567,3255066.122925,99.75476,100.3023,-2.506553,-2.901892,,
2023-10-01,1.552528,0.945048,1.6675,0.819723,5.032914,1.357792,7.260698,7.052413,7.830616,83.035412,149.415271,4.694915,17.41017,10.685299,18.904553,1.365412,1352.78399,324.589852,10.919673,0.915546,32.276894,36.53643,3422038.790166,99.75476,100.4033,-2.506553,-2.901892,,
2023-11-01,1.571453,0.949018,1.715075,0.824698,5.01576,1.388137,7.305871,7.08346,7.823544,83.268912,150.987458,4.770804,17.952575,11.226575,18.648954,1.370516,1353.597148,327.863962,11.222697,0.910329,32.437034,36.237717,3505280.082933,99.75476,100.4912,-2.506553,-2.901892,,
2023-12-01,1.501261,0.919133,1.613746,0.788462,4.885185,1.349479,7.103294,6.852808,7.814988,83.273219,146.976538,4.673796,17.207706,10.661516,18.628475,1.334425,1296.770246,328.367214,10.373819,0.87042,31.354201,34.923887,3547072.3637,99.75476,100.4912,-2.506553,-2.901892,,
2024-01-01,1.467806,0.905187,1.583255,0.786705,4.852556,1.31922,7.085987,6.762808,7.817993,83.282718,141.031696,4.594937,16.968847,10.172863,18.31247,1.321192,1294.487206,323.894886,10.097698,0.841357,30.697895,34.381481,3587972.932726,99.75476,100.4912,-2.506553,-2.901892,5.45102,5.32251
2024-02-01,1.522934,0.920376,1.630278,0.785825,4.919647,1.33819,7.156337,6.860283,7.819398,82.963015,146.152438,4.729801,17.102784,10.421664,18.573203,1.336804,1330.753974,313.231349,10.391307,0.857789,31.29319,35.328375,3615638.104849,99.75476,100.4912,-2.506553,-2.901892,5.43596,5.32646
2024-03-01,1.531798,0.923196,1.638305,0.79047,4.948222,1.355491,7.195813,6.881556,7.829028,82.858687,150.202446,4.745344,17.009856,10.523151,19.118045,1.344607,1333.810272,308.345383,10.323311,0.88436,31.599983,35.869689,3607647.724386,99.75476,100.4912,-2.506553,-2.901892,5.43989,5.31892
2024-04-01,1.54239,0.931698,1.682959,0.797231,5.066569,1.358095,7.230758,6.949495,7.826226,83.534071,151.73606,4.724771,16.659517,10.968016,19.009907,1.35347,1356.008663,300.04507,10.823479,0.905549,32.078999,36.605359,3622552.534434,99.75476,100.4912,-2.506553,-2.901892,5.43280,
2024-05-01,1.53996,0.936355,1.694729,0.80079,5.195355,1.376123,7.240092,6.984115,7.823491,83.459362,157.652264,4.767662,17.026108,11.082068,18.622388,1.363708,1384.703903,298.133507,10.974449,0.919469,32.567931,37.090729,3640492.213512,99.75476,100.4912,-2.506553,-2.901892,5.43724,
2024-06-01,1.502668,0.921543,1.627486,0.784984,5.246579,1.36357,7.241527,6.876751,7.818941,83.444154,157.315859,4.706066,17.001286,10.527687,18.803129,1.351932,1384.950161,301.656744,10.538852,0.902715,32.510895,36.804568,3645190.368659,99.75476,100.4912,-2.506553,-2.901892,5.44784,
